Iteration,mse,ssims,psnr,ssim,batch_sizes
1,tensor(7.6060),20956.36480808258,30.402176980523474,0.7473944307451437,22120
