Epoch,Loss_D,Loss_G,Score_D,Score_G,PSNR,SSIM
1,0.9999481560124291,0.002583704208334287,0.00013652693979116664,1.0398949186007227e-06,39.947842021808775,0.958007044338404
